Rating,Title,Review,Movie,NPS,Classificação,Confiança
10.0,Nostalgia satisfied,"Movie was so great that I wanted to go to theater another time, loved it ao much and loved the atmosphere in the theater and I want to experience that feeling one more time.",Spider-Man: No Way Home,Promotor,Promotor,0.7503657547471294
10.0,Best Movie of 2021,OP Movie Best movie of 2021 You can Watch with Friends And Family. OP Movie Best movie of 2021 You can Watch with Friends And Family. OP Movie Best movie of 2021 You can Watch with Friends And Family. OP Movie Best movie of 2021 You can Watch with Friends And Family.,Spider-Man: No Way Home,Promotor,Promotor,0.7122102743971214
9.0,In my top 3 marvel films!,"This film is excellent, it has everything. It's rare to leave the cinema feeling excited and overwhelmed and still be talking about it a week later! I would've give this a 10 however you can tell towards the end Sony have had huge influence on this and I fear for the next film/s.... I just hope they don't make tom Holland's Spiderman into the previous 2!",Spider-Man: No Way Home,Promotor,Promotor,0.8034181025415672
10.0,Somehow better than Endgame,"Greetings from Lithuania.

I wasn't the biggest fan of previous two movies. I felt they were to independent and carried the weight of Avengers. Yet they were fun entertainment. But this instalment called ""Spider-Man: No Way Home"" (2021) was best of the three. If you are a fan of Spider Man in general - go see this on the biggest screen possible, and i will say it no more.",Spider-Man: No Way Home,Promotor,Promotor,0.7679709103720299
9.0,Memories,No words man! It was simply unbelievable! What an epic experience it was! Literally brought back memories from my childhood! Thank you marvel! Thank you so much for this wonderful experience.,Spider-Man: No Way Home,Promotor,Neutro,0.6865573015880013
10.0,10/10 Recommended!!,"It was a really entertaining film! My entire family thoroughly likes viewing it, and it is unquestionably one of the best movies I have ever seen in my entire life!",Spider-Man: No Way Home,Promotor,Promotor,0.80431251988782
7.0,Amazing ending to the trilogy!,"Spider-Man: No Way Home was so hyped that at some point I though this might be the second coming of jesus christ lmao. The movie was so hyped and people were really excited to see the film and it turned out pretty good (ofc it will because it has 3 spider-man's in it).

To start with the good things as always let's praise the CGi work here I mean almost 95% of the marvel movies have great CGi and here it's also the same case the CGi looked great, the film was packed with a lot of action sequences, the colors were on point, the choreography was excellent.

The story is simple and straight forward but it ignores the storyline in the 2nd half and focuses on the 3 spider-man's a lot I mean everyone knows who is spider-man but still dude is travelling here and there without having to worry about people and he's accused of being the person behind all the things happened in far from home. Also the villains don't add up that much into the film except greeb goblin others are just there and does nothing else it felt like marvel just added them so people won't ask them questions like 'where are the rest of the villains?' also this same case goes for andrew and tobey's spider-man having less screen time and dialogues but still they did their work in the film.

Marvel could've make it a lot better film if they didn't focused too much on the multiverse and doctor strange but still it's a good movie I pretty much enjoyed it myself.",Spider-Man: No Way Home,Neutro,Promotor,0.7770044382133471
5.0,Good but overrated,The movie was good but nothing perfect. I was so bored the firsy hour. When Tobey and Andrew showed up i started to enjoy it more. I would like to see a more epic way for Andrew and Tobey's entrance. The script was bad for me. Especially the part where ned can open portals. As i said it was just a good movie. Nothing perfect.,Spider-Man: No Way Home,Detrator,Neutro,0.7589244600668241
9.0,Believe The Hype.,"12/28/2021: To me, it was Into The Spiderverse, the live version. I left the theater feeling something strange that I haven't felt in a while after exiting a movie theater: Joy, excitement, happiness, and satisfaction. No preachy annoying character, no grandstanding speech and no politics. This is my first time seeing Tom Holland as Spider-Man. I grew up on Toby Mcguire's Spider-Man and saw the second Andrew Garfield movie. I wasn't a fan of Garfield as Spider-Man in his film, but I absolutely loved him in this movie. You could see his redemption arc coming, but it still hits you in your heart. This movie strikes a balanced tone and the emotional moments paid off because I cared about every single character. The villains were incredible! Willem Dafoe steals every scene he's in and deserves award consideration. The scene where the Green Goblin stops Tom Holland's Peter Parker's plan to save the villains by erasing their powers was so intense, I think I stopped breathing. Doctor Strange was brutally true that one's fate is their fate and Aunt Mae paid the ultimate price because Spider-Man ignored that fact. Benedict Cumberbatch and Tom Holland have great chemistry! Thank you to the screenplay writers and cast for giving the fans an unforgettable Spider-Man experience. All three of the Spider-Man actors sharing scenes was surreal. It was a wild, action-packed, well-acted, well-directed experience with a well-earned bittersweet ending, and the Doctor Strange visual effects were amazing. Watching the villains disappear as Doctor Strange's spell-to-erase-Spiderman-from-memories unfolds and watching Spider-Man say his goodbyes was heartbreaking. What a cinematic experience! Now, I must see every Tom Holland Spider-Man film past and future.",Spider-Man: No Way Home,Promotor,Promotor,0.7061357914922387
10.0,Never expected best spiderman movie ever 💙,"Never expected this type movie Dreams come true Love you spider man.

I watching first spiderman movie in 2009 and now again same hero after 11 years is such a incredible way I hope spiderman future is like iron man And i belive next iron man is spiderman.",Spider-Man: No Way Home,Promotor,Promotor,0.7851587979520054
4.0,Flawed script that ruins everything,"A guy starts a moralizing crusade to magically heal a couple of evil guys from parallel universes on expense of the lives of everyone he loved. They disappear and he is left on the ruins of his own life, somehow satisfies with all the mess he creates.

Oh, and thus also created an inter-dimensional breach that will be used in the following movies.

It was cool to see all the stars from past movies, good choreography and acting, but the script is so unbelievably dull it is hard to digest anything that is happening on the screen.",Spider-Man: No Way Home,Detrator,Detrator,0.7385389360432871
7.0,Genius,"It's the best movie I've ever seen. The actors are perfect, and their playing can't be without praise. The appearance of spiders is spectacular and unexpected. I will recommend the film to everyone I know. Very nice!",Spider-Man: No Way Home,Neutro,Promotor,0.7452921109037737
1.0,Why do I hate this movie?,"I think that the movie is unnecessary because after all the villains go back to their universe they still die or live on but as usual in the Films.

Otto Octopus has to destroy the power of the sun.

Connors still gets into prison.

Green Goblin basically kills himself by accident and so on with every single one.

I also didn't like that Peter a Person with an high iq doesn't come up with the idea of talking to College or do something at least.

The only thing that I liked about the movie was Tobey Maguire to be honest. William Dafoe also delivered an awesome performance as always but Spider Man 1-3 will always be my favorite Spider Man movies.",Spider-Man: No Way Home,Detrator,Detrator,0.7957878540675808
10.0,THE BEST ONE...YET!!!,"This is my number one favorite Spider man movie, yet. I don't want to give away any spoilers, but after having seen it, I've been on a high ever since. I seriously want to buy another movie ticket and view it again. I'm the type of person that would avoid spoilers and not watch movie trailers (bcos watching trailers is kinda like a spoiler to me, hope ya'll get that haha). So I went in blind, not having seen the trailer to this movie. I had seen a few photo's here and there so I knew who was going to appear and so on... Even then, whilst watching the movie, they had managed to not inform us of everyone that was going to appear, and I loved that!!

If you are a massive MCU fan and have watched every movie and TV show they've released and you have had a joyful cry afterwards, this is going to knock your socks off.

If you are just looking for a great action movie to watch in the cinemas, after going through lockdown and the variants, so ya'll just wanna have a good time, this move is for you...

If you are a MASSIVE SpiderMan fan, and have seen the Tobey Maguire ones and the Andrew Garfield ones this one is going to take y'all on a rollercoaster of emotions. I'm a fan, and this rollercoaster went from clapping and cheering, to tearing and sobbing, to aweing and gasping, just the perfect combo for this kind of movie. I guarantee, after viewing this, it will be on your top 3 SpiderMan movies list. SpiderMan No Way Home, officially changed the game!",Spider-Man: No Way Home,Promotor,Promotor,0.7639588145258783
10.0,MARVEL MARVEL MARVEL !!,You will walk out with a massive smile and tears after watching this movie...thanks marvel for giving me the closure of my formative years heroes !! This is the best Spiderman or i will say best superhero film until date and idk there might be any in near destiny..nevertheless stay until the end ( 2 post credit scenes ),Spider-Man: No Way Home,Promotor,Promotor,0.7378302698131872
9.0,Excellently-executed Spider-Man story.,"'Spider-Man: No Way Home' is the final piece of the MCU/Sony trilogy, all in under five years. It's also Holland's 6th time playing Peter Parker and essentially serves as 'Doctor Strange' 1.5, bridging to 'Multiverse of Madness' next year. This film picks up right where 'Farm From Home' left off, with the world now knowing Peter is Spider-Man, which make things very difficult for him, MJ (Zendaya), Aunt May (Marisa Tomei), Ned (Batalon) and Happy (Favreau).

Peter goes to Dr Strange (Cumberbatch) for some magical help, which triggers a multiverse ""issue"", with - I don't think this is a spoiler after all the trailers & press - villains from the pre-MCU Spider-Man films being pulled into the MCU. This includes Dr Octopus (Molina), Green Goblin (Dafoe), Electro (Foxx), Sandman (Haden Church) and Lizard (Ifans) all trying to figure out why this Spider-Man is different. It borrows a bit from 'Into the Spider-Verse', which is a good thing, as that film is superb. Along with them, the big reveal is that the multiverse Peter Parker's - Toby Maguire (now 46) and Andrew Garfield (now 38) - are also pulled into this world. This provides both some funny and insightful moments.

Peter's close to losing control a few times here, and the final act does a good job of raising the stakes and helping him realise his role, his morality and mortality. There's quite a few touching moments, and with all MCU films, the ensemble works well here - it's great watching Peter, MJ and Ned together, and it's not too corny having the other two Spider-Men involved. Dafoe reminds us of what a good actor he is. All the throw-back villains and Maguire/Garfield could've made this seem like a lame cash-grab, but it really works. I had great time and enjoyed the simultaneous happy and sad ending.",Spider-Man: No Way Home,Promotor,Promotor,0.7666443565527947
3.0,Disappointing big boy,"Really, really general, after so many years, after so many things, it is hard to imagine that Spider-Man did not grow up, should really be that ""Men are juvenile to the very end""? Should be changed to ""Men are juvenile to can kill some people"", because he indirectly killed May. Feel that Marvel is in trouble, has not written an impressive script, only know how to continue to make money elements arbitrarily piled up, Spider-Man is still a young boy, and Marvel has stumbled.",Spider-Man: No Way Home,Detrator,Detrator,0.7401734693171031
10.0,One of the best Spiderman movies out there watch it:),"I still don´t know if this is better than spider man 2(yes the original with Tobey Maguire) the second one was a masterpiece by Sam Raimi.

Now this one is up there, and you will enjoy every second of it from beginning to end.

The anticipation for a Marvel movie certainly hasn't been this high since 'Avengers: Endgame' two and a half years ago! In this movie spider man have to find himself, since he is lost and alone.. he turnes to another great artist from the marvel universe, you have to watch the movie to see it for yourself.)

The movie is very emotional and the writing is very good.

Well lets say it this way, I still can't get over how good this movie was! Had me on the edge of my seat almost the whole time. Fantastic film.

Watch it! 10/10!",Spider-Man: No Way Home,Promotor,Promotor,0.7976442582348652
9.0,Movie of the year 2021.,"This will go down as one of the classic movies when we grow older. It has action, drama, feels just what a movie needs. I think Andrew Garfield stole the show man. Dude was so good i even forgot that i am a huge tobey fan. Every scene he was on i was touched by his performance. You can tell how much he loves being as spiderman. Even the inside joke as him being as the worst one among them the apiderman trio that made me sad. His performance was great but the script and movie overall didn't do his performance justice. I Hope we can see him as spiderman in future too. I don't think tobey will reprise his role as our beloved web swinger but i can understand that. The villains were good but Jamie Fox and William Defoe's performance were absolutely amazing. Other villains were just there didn't had that much impact on the movie in my opinion. There are some decisions i wasn't ok with how peter parker carried on with but that's just me. Wished Venom had came out to fight spiderman but that didn't happened. I am ok with the end credit scene though it kinda made up for it.",Spider-Man: No Way Home,Promotor,Promotor,0.7029490973262933
10.0,Best mcu movie ever,Best mcu Moive ever the return of the best actors for spider man Andrew and tobey the acting was amazing and the moive was incredible and thank u marvel for the best mcu moive ever.,Spider-Man: No Way Home,Promotor,Promotor,0.7880936428156251
6.0,Enjoyable but underwhelming,"Enjoyable movie, however, the loads of fan service and plot holes kept taking me out of the movie. The directing was good, for a Marvel movie, which makes it pretty ok. Definitely worth a watch anyways if you've already seen all the other Spider-Man movies.",Spider-Man: No Way Home,Detrator,Neutro,0.7774161753064192
5.0,I don't get all the hype???,"Went in having not watched the trailers. I knew it was highly rated in IMDB which I trust. Expected a great movie, However thought it was okay, kind of slow, a lot of crying by the characters. I've watched a lot of films and don't get all the hype around the MCU. Just elongated tv episodes of a comic book series. I'm not American, so maybe don't get their obsession with superhero's or celebrity worship but there are better stories and movies than this rated at 8.7?",Spider-Man: No Way Home,Detrator,Detrator,0.7518533748363629
10.0,Exlant film and full of surprises,Exlant film And nice evacuate this film full of surprises like Topy Maguire and Doctor strange I Love it so much. Exlant film And nice evacuate this film full of surprises like Topy Maguire and Doctor strange I Love it so much.,Spider-Man: No Way Home,Promotor,Promotor,0.7959329892159546
10.0,This movie filled me with love and took all my tears,"This movie is absolutely beautiful, the storyline, the characters, the acting, the cinematography, the cast everything about this movie is amazing. Seeing this movie was such an emotional experience. I'm a big marvel fan and have been waiting for this movie for a long time, so finally seeing it was amazing, but also so emotional. This movie is absolutely insane, it gave me laughter, tears and it made me feel so many things. This movie is incredibly insane and I've never seen anything like it. The storyline is insane the cast is insane. This movie is freaking crazy dude.",Spider-Man: No Way Home,Promotor,Promotor,0.7770522393347972
10.0,It's the best spiderman movie ever made,"Marvel's comic universe has been releasing a pack of movies/series over the last several years back to back, cramming every available platform to keep all kinds of audiences thoroughly engaged with its emphatic content. There is no time to rest if you are an ardent follower. One must learn to adapt to embrace caprice in the content and the characters playing them.

While the past ten years have given us a glimpse into a flurry of new characters in the Marvels space, some of the existing ones have traversed through multi-verse packing alarming delirium.

For instance, spiderman and I believe all of you would agree with me when I say that this is the only character from the comic world that has been deputed to hold its identity through several avatars in the space of two decades. We had a lot of actors playing spiderman before that too, but we will keep it specific to the modern-day rendering of the wall-crawler or famously known as web-slinger. And somewhere during this entire period, I thought marvel had played amiss with the idea of spiderman hopping without putting a viable end to the story of the actors playing it in different times. I mean, Why was Tobey's spiderman had to relinquish the summoned advantage in favor of gliding his storyline into obscurity? Or why was Andrew Garfield introduced and suddenly taken away until Tom Holland lobbed it out of the park with his rendition? Of course, age is a visible factor that cannot be ignored because every grain of spiderman's character bears a constitution of a teenager, and any actor that couldn't fulfill physically must bow out at the right time.

I was moved by this gigantic error of casting and recasting lacking suitable or functional disposition tending to a vast amount of vacuum without proper explanation. Rebooting always comes with emotional baggage for me as an audience. The performance of yesteryear always influences my experience watching spiderman jump from building to building. The bigger question was, would we ever have a chance to go back and watch Tobey and Andrew play our favorite comic character.

Until, of course, spiderman no way home happened. The movie opens up with Peter visibly shaken by the unprecedented attention from the earthlings after his real identity is exposed by Rey Mysterio in the aftermath of the last installment. A compelling question that slinks back on his mind is to somehow watch the world forget about him. He seeks Doctor strange's help to cast a spell that will rewrite his identity, which roundly opens the path to parallel universes, aka multi-verse, after the magic goes horribly wrong. Mighty villains from previous franchises find their way back to exact revenge on their Peter Parker responsible for inflicting an excruciating hurt during their heydays. When the truth about their death dawns on the gang, fog surrounding the multi-verse concept further deepens. The screenplay tactfully handles and articulates the key components that any further pondering of the subject doesn't project it far-fetched from reality. Well, in the manner of speaking.

Unlike the previous 2 installments, the movie conveniently parks itself in a parking lot that faces dense mist of dark overtones vis-a-vis the lighter theme of the last two. Tom Holland leads the overbearing emotional trip that oscillates between reels of notable witty dialogues and despair of unprecedented loss that ably relies on the support from other cast members. Except for Doctor Strange, whose depiction of a character that remains unfazed by the goings-on in the most recent universe lends a balance to emotional symmetry.

Every time the plot introduced the famous villains from the past universes, a shockingly quiet crowd in the movie hall blared up the gloomy walls of the theatre with uncomprehending strain on their lungs. It was a fitting reminder that history does repeat itself, and it comes with a cry of its own. In their typical erstwhile rendering, where they caused mayhem and chaos obliterating anything and everything in their path, the movie does a brilliant job in assembling their destructive escapades. Of course, this was nothing compared to when the spidermen from the last two universes are sucked into the middle of unrelenting disarray by a spell gone wrong once again. I sense a pattern here. Anyway, when Tobey casually walks through the portal from another world dressed as a commoner, the unbridled yelling nearly drowned out the accompanying dialogue exchange. At which point, I sorely wept at the hair loss inside my eardrum. Here is a bristle that would never grow back.

Watching the three spidermen stand next to each other, here is a sentence I never thought I would ever use in my lifetime. But it does make me sound oafish for attempting to paint a decent picture that no impeccable brush strokes would be able to conceive if not for observing the trio on the big screen. It was like a dying wish fulfilled for watching Tobey come back from the throes of anonymity dressed as a spiderman even as a decade and a half have flown by. One would say my review is particularly conspicuous with the absence of any remarks on Andrew, but, the truth be told, his rendering is impressive but not at par with what Tobey did years ago. He holds a special place in our hearts, and no amount of Andrew or Tom's version would spawn an Alzheimer's. I think I got emotional there. In the spirit of the sanctified turf of a wall-crawler, let me bury my petty bias well under my chair and rise above the inconsequential debate. Maybe, that's too political.

Anyway, I am not trying to review the movie by peeling it down piece by piece all the way to the core to single out the imperfections or celebrate the perfections. I am only attempting to relive the experience of watching it on the big screen, just like every other fanboy who follows the Marvels' world like a mad sociopath. In my honest opinion putting aside my fierce loyalty for the franchise, the movie is a treat for the eyes as an independent unit. Compared to the last two, it stands for itself and definitely stands atop the list. Watch it for the performances, a stunning and a quick skim through the characters of parallel universes, and of course, a token gesture of watching the two favorite spidermen from the previous franchise. If you must look beneath the notion of multi-verse, you will actually notice the distinction created by multiple directors working on making their version of spiderman. But the MCU version lets us take a comforting refuge in the knowledge that multi universes do exist, and it takes more than 1 spiderman to come back and remind us of it.",Spider-Man: No Way Home,Promotor,Promotor,0.8055489428930634
10.0,Sometimes the end of one adventure is just the beginning of another,"I saw Spider-Man: No Way Home last night and I had to put together a review because this was not only one of the best MCU movie ever made but also one of the best superhero movies ever made. So here we go (Huge spoilers ahead!):

Plot Breakdown:

So the movie kicks off right after the end credits scene from Far From Home and Peter has to deal with the consequences of the world finding out he is Spider-Man. He, MJ, Ned and May are questioned but nothing sticks as Mr. Murdock comes to help them. Then they move to another apartment in an attempt to escape the growing mob attacking Peter's house. At the same time MJ, Ned and Peter try to apply for MIT but they all get rejected which sets the main plot and the future films with Spider-Man perfectly. They all get rejected and Peter goes to Doctor Strange to have everyone forget that he is Spider-Man. Doctor Strange agrees and does a spell to have everyone forget Peter was Spider-Man, but Peter tempers with the spell and tries to alter it mid-way through and that changes the spell in a way in which not even Strange knows how it would turn out. So Peter finds out from Flash that a vice chancellor from the MIT is travelling to the airport so he goes to talk to her and convince her to let Ned and MJ in the MIT. This is where doc Ock attacks and he unmasks Peter to see that he isn't his Peter. Ock's arms get taken over by Peter's suit, but then the Green Goblin attacks and Spider-Man and Ock get teleported into Strange's prison. Then Strange explains that the spell worked in the way that it pulled all the people who knew Peter Parker was Spider-Man. He also caught the Lizard and placed it into the prison. So they plan to capture them all and send them back. So Peter brings Ned and MJ to help him with catching the villains. The next is Electro... so Peter goes into a forest and there he gets attacked by Electro but saved in the last minute by Flint Marko. He destroys the electricity towers and then cages the Electro. After that Norman comes to May and Peter takes him to the rest of the villains. Then Strange comes and he and Spidey fight over getting the bad guys home or helping them. That was one of the most craziest fight scene I've seen in the MCU. Peter ultimately wins with a genius display of Peter's intelligence, traps Strange in the mirror dimension and takes his ring which opens portals. They fix then Octavius but then Peter senses something is off. So Green Goblin and Electro storm off and May gets killed by Goblin's glider. This was heartbreaking to see happening to Peter, after first losing Tony his father figure in Endgame. Then we see MJ and Ned who are back at Ned's home deciding if they ought to activate the box Strange made to destroy the original spell. Then Ned opens a portal and a Spider-Man comes through and it's Andrew Garfield's Spidey. Then he tries again and finds Tobey Maguire's Peter. They find Tom together with Ned and MJ and talk him out of sending all the Spideys and villains back (Just a quick disclaimer, I will be naming the different Peters and Spideys by their respective actors names). Then they develop a cure for everyone and go the statue of Liberty in order to draw them all out and fix them. At first the three Spider-Men don't work together too well but after a quick pep talk they swing together and manage to cure Electro, Lizard and Sandman. The last being the Goblin who comes and destroys the scaffolding from the Statue and MJ falls while Tom tries to save her but he is then taken by the Goblin so Andrew jumps after her and saves her. The fight ends with a fantastic fist fight between Tom and Norman and as Tom was about to impale him with his glider Tobey comes and stops him only to be stabbed by the Goblin. Then Andrew throws the cure to Tom and he cures him. The movie ends with Tom suggesting Strange who was brought back by Ned, to make another spell to make everyone forget he is Peter and that would stop the first spell. Everyone forgets Tom's Spidey was Peter and then Peter goes to MIT and moves into his own apartment (Tobey vibes there... the only thing that was missing was mr. Ditkovich asking him for rent) and starting his own life of being the friendly neighbourhood Spider-Man with a new hand-made comic book-ish costume.

End of Plot Breakdown

This was without a doubt for me, one of the best MCU movies, right up there with Infinity War and Endgame. You will hear many people say this is the most fan service fan service could be. But this movie isn't all about that. There are way more great things this movie does. The 2 standouts aside from Tom Holland (because this is his movie) for me were Willem Defoe and Andrew Garfield. The latter one has so much fun with his character. It is incredible to see what a great actor he is and what an amazing Peter Parker he can be with a competent script. I loved him in this movie even though I didn't really liked him in his own 2 movies. Willem Defoe is I would say the greatest shine overall in all the Spider-Man movies. He is truly incredible after all these years playing the Goblin with the same menace and cunning that made him a legend in the first Raimi movie. What I also loved about this movie is that they not only brought the villains from the Tobey and Andrew's movies but they also improved them, and I'm not talking only in terms of costume (which were improved for Electro and Goblin) but also their characters especially Electro and the Lizard which suffered the most in the Garfield's movies. Also the villains interactions were mesmerizing. To see Doc Ock and Norman interact with each other after being in separate movies in Raimi's original trilogy was truly a dream come true. Also Electro and Lizzard's interactions were neat. The only one that felt a bit like a spare wheel was Lizard, who in terms of plot didn't have much to do and affect the story. Another not so great thing was Doc Ock. Props though for Alfred Molina for coming back after all these years and still portraying doc Ock in the way we knew him. The only gripe I might have with his portrayal is that he gets less screen time than other villains and he at times is played for jokes. Him being cured at the mid point of the movie meant he wasn't part in the big battle at the end but only cured Electro and met with Tobey. It was okay overall, can't fault the movie for that, it was the obvious path for his character. But the best thing in this movie has to be the interactions between the three Spider-Men. They felt like they were brothers all this time and they all had a big part in the movie not only appearing for a cameo at the end to help Tom's Spidey. The best scene concerning the three Spider-Men has to be Andrew's rescue of MJ which redeems his character in way I never thought possible, and quite frankly it has to be one of the best character redemption scenes in any movie ever! Next one was Tobey's Peter stopping Tom from impaling Norman with his own glider. This time he stops Norman from getting killed with his own glider and also pays a small price for that by getting stabbed. Also, the ending is probably the best ending to a MCU movie and maybe to a Spider-Man movie. Speaking of Spider-Man movies, you could really see there was a vision here for Tom's version. To have him grow from a kid in the first two movies into a definitive hero by the end of this movie. It's so satisfying to watch that and it really puts to shame other studios trilogies that bombed, had no plan from the beginning and brought original members from older movies only for cheap nostalgia pandering to then disrespect them. This movie respects and honors every other Spider-Man movie that came before and moves the story in an interesting new direction building the main character properly in the process. It wouldn't be fair to talk only about the positives and not pin point some flaws this movie had: like the first half of hour of this movie has some off-placed humor and some strange behavior from characters like Ock and Tom's Peter with Strange when he does the spell. Even though this is the kick-start of the plot it is kind of weirdly executed and a bit cringy at time. This gripe I would say it's only present in the first 30 minutes - 1 hour of the movie. The first part of the movie is the one that seems a bit more like a comedy with some cringe inducing moments and humor that either hits or misses. After the point doc Ock appears in the highway the movie picks up and there's no turning back. Also there's a joke before the big battle at the end with Tobey's back which seemed a bit strange. I would have rather have that Spider-Men pointing at each other meme done in the scene. But these minor gripes won't take away from what was truly a remarkable movie that honored everything that came before it and prepared the way for a new story going forwards. I wish more movies were made like this one today. This will truly be remembered as a landmark in superhero movies and in franchise movies in generally. 10/10

One last thing before I go... there were so many people involved in making this movie. I encourage you to support the creators of this movie because they truly deserve and go see the movie in theatre. Let's show movies like these should get made more often!",Spider-Man: No Way Home,Promotor,Neutro,0.6851483433352129
8.0,Danger of spoilers,"Greatest film between Spiderman Films. I cried In many scenes of this film. My Childhood memories Were revived with seeing Toby and also Andrew. Villains had a great job specialty green goblin. In general, thanks to Marvel for creating this masterpiece.",Spider-Man: No Way Home,Neutro,Detrator,0.7113990305809147
10.0,I'd Watch Again,Best Spider-Man yet but can Tom learn some basic first aid and life saving techniques. SMH. Could have easily saved more lives. How are you an Avenger and do not even know how to apply pressure to a wound? However was a super awesome movie and brought tears to my eyes.,Spider-Man: No Way Home,Promotor,Promotor,0.7949693654046761
9.0,The best Spiderman movie I've ever seen in my life It was so so good,"Love you guys. Your work was great and it was the second best movie I have ever watched. Thank you Kevin Feige, Amy pascal and Sony.

I watched the movie twice in the cinema. You deserve all the thanks until the end.",Spider-Man: No Way Home,Promotor,Promotor,0.8209235119499496
10.0,What a wonderful movie in history,"After the movie, THIS IS MY SPIDER-MAN Leave no actor behind, Sony and Marvel did a good job, those actor bring me back lot of memories.

In this hardest COV moment, world need something brings hope and positive . This is it This movie i can say that is a greatest movie in 2021, lot of humanity Can't tell anymore , but this movie can brings you lot of happy if you are Spider man fans.",Spider-Man: No Way Home,Promotor,Promotor,0.766189695499599
10.0,The Greatest Of All Spider-Man Movies,"I went to see this expecting a typical Tom Holland as Spider-Man movie, I came out wishing the next chapter in his story would come out in a week! There was so much going on in this movie but the directors handled the comedy and seriousness well. Although some said the lines were forced I believe this movie was funny for a marvel movie. Although Aunt May dying on screen was something of a shock, and seeing Tom Holland's Peter Parker go on a rampage against Green Goblin was a little scary, the movie was mostly positive. Don't get me wrong those scenes were necessary for the plot, they were just something to behold in a movie trilogy usually so upbeat. Also the pairing up of the Spider-Men was epic. Like I can't see any scenario we're they could have made it better. And the end of it all, Peter (Holland) is just a nobody. Because he chose to be Spider-Man, he chose to give up his life to help others, he gave up his friendships and love life as Peter Parker to be a full time Spider-Man. His down-to-earth suit in the end marks the transition from techy Iron Man inspired Peter as Spider-Man to a Friendly neighborhood vigilante crime fighter who wants to do what's right. And that is who Spider-Man is no matter which actor of comic rendition. Thank you for reading my honest opinion of this great movie.",Spider-Man: No Way Home,Promotor,Promotor,0.7632018971688531
7.0,A little above average,"I don't often watch superhero movies. I hadn't seen a Spider-Man flick since ""Into the Spiderverse"" (the animated one), which was good, and before that I hadn't seen one since ""Spider-Man 3"" with Tobey McGuire. I completely missed Andrew Garfield's turn as the character, and hadn't seen Tom Holland before either.

Some of ""Spider-Man: No Way Home"" reminded me why I'm not that interested in these types of movies. As always, it's too long, and the special effects don't impress me. When was the last time you were genuinely impressed by special effects in a movie? For me it was some time in the early 2000s. Also, I never find superheroes particularly interesting as characters. Batman is perhaps the most interesting because he's a tormented, almost anti-heroic figure. The X-Men are also among the best because of the whole ""anti-mutant discrimination as a metaphor for racism"" thing. But Peter Parker? His unflappable, wholesome boy-next-door thing keeps threatening to get old.

The other characters unfortunately were no more interesting. Sam Raimi was able to make Peter Parker, Aunt Mae and MJ feel like real people. Here they're really just stand-ins.

There were some things I liked about the movie though. At about the half-way point something I'd never seen in a movie happened: the other actors who played Spider-Man appeared in this one, as did most (all?) of the villains from all the other Spider-Man pics. This finally got me invested: seeing them all interact with each other was interesting. I was going to give it a six-out-of-ten for that, but then the movie ended in a scene that actually felt kind of emotive, and to cap it all off, De La Soul were played over the end credits. So I had to bump it up a point for that.",Spider-Man: No Way Home,Neutro,Neutro,0.7901222665525984
10.0,Impressive,"This Spiderman is really fantastic. It captivated me right from the start, and I was entranced every second. There's adventure, friendship, team spirit, love, empathy, and brotherhood. The people in the cinema clapped and cheered multiple times, at the appearance of key characters and at big hint of what the future holds for Spiderman. I loved every second of it!",Spider-Man: No Way Home,Promotor,Promotor,0.7496234395138448
6.0,"Fun to Watch however,,,,,,","You get the impression that the Marvel Comic Studios wish we could all lose our memories so they can make the same movies with the same actors over and over again!

Try something more original next time..........",Spider-Man: No Way Home,Detrator,Neutro,0.7239025652591733
10.0,A perfect 10,"One movie that brought the entire childhood in front of us, made the memes real and by far THE BEST SPIDERMAN MOVIE EVER. Watched it on the first day of release and made sure I didnt spoil anything and no one spoiled it for me. A must watch for Spidey Geeks and the Marvel-Sony collab has taken Spiderman to a whole new level.",Spider-Man: No Way Home,Promotor,Promotor,0.8100011431603668
4.0,Better use this time to watch another movie,"From the very beginning the movie was overwhelmed by silly, kinda stupid and not funny at all little jokes that made the idea and the story hard to understand and the movie not catchy at all. Further on, the idea behind this film was nice and innovative but those kids (MJ and Ned), with all the talking and little jokes ruined it all for me. Villains fight was non existing and the main characters are just kids which is not suitable at all, in my opinion and, at some points, made me feel very uncomfortable. For me, it was a big disappointment and I would like to get my time spent to watch it back.",Spider-Man: No Way Home,Detrator,Detrator,0.719138893486003
1.0,"Would've given it 4, but the deliberately lazy making forced a 1","SPOILERS AHEAD! First off, the positives. The idea is really good and opened up so many ways in which the film could've gone. Willem Dafoe and Andrew Garfield give thoroughly entertaining performances, while the rest of the cast were pretty functional (yeah, Tobey seemed uninterested and JK Simmons was underutilized).

Now, I know Spiderman is a kid and all that but why would he possibly choose to save guys who would've killed at least 30 people in the action scene that they appeared in? Because May spouted some pseudo-wisdom? I know it seems like nitpicking but that's such a glaring characterization error. Hence, the plot is weak and entirely reliant on nostlagia to save the day (which it does, for MCU fans).

Raimi's trilogy really has good characters who actually have some chemistry between them and the scenes are wonderfully staged. In MCU spiderman, the laziness in filmmaking and production is evident. It's almost like Feige thought ""Okay we have this cool idea to bring back the other 2 so let's just whip up a movie"". Director Jon Watts' biggest hassle would've been to safeguard the secrecy of the cameos I guess. The CGI is awful in many scenes and the post credit scene which has a trailer for Dr Strange Multiverse of Madness shows a superior quality of making just from 1 or 2 minutes of footage.

As an aspiring filmmaker myself, I felt really bad for other directors who have a voice and really want to tell a story and give a cinematic experience, in a world where films like FFH, Black Widow and NWH are what the mass audiences want. At least it's good for the theaters as PTA said.

MCU is like the broiler chicken of film history. Filled with formulae and easy to make but long term impacts are, well...yet to be seen.

P. S: I opened an IMDb account just to write this review.",Spider-Man: No Way Home,Detrator,Detrator,0.75315920834967
10.0,Phenomenal,This movie was for all gens old and new. It's marvels dark knight. William defo was phenomenal it shows us he still gots it . Andrew got a big pop in the theater and Toby got grown men crying . The ending was way too long but it was good. I suggest seeing this more than once if ur a marvel fan.,Spider-Man: No Way Home,Promotor,Promotor,0.7851035699184808
10.0,Amazing - Truly Unforgettable,"Amazing. I was so hyped for this film, similar levels to End Game. Tom, Andrew & Toby on screen together. Wow. I'll watch this movie over and over again. Thank you.",Spider-Man: No Way Home,Promotor,Promotor,0.7891259976926872
9.0,Nostalgia and sweetness...,Best film of 2021. No doubt. Loved the fact that they brought back Andrew and Tobey. Great seeing all the past actors. Ready for Dr. Strange II...on to the multiverse.,Spider-Man: No Way Home,Promotor,Neutro,0.7123318093109321
1.0,Wth,I am 2 minutes in and I already want to shut this garbage off. Tom Holland is awful hes unwatchable. Its an extension of the last awful movie. I knew when people said it was good I just couldn't believe it.,Spider-Man: No Way Home,Detrator,Detrator,0.665504496855072
8.0,This is amazing!,"I really liked this movie! I'm a big fan of the Marvel cinematic universe. I have been waiting for this movie for a long time and was not disappointed! Gorgeous acting. Sometimes it seemed to me that the film was shot in reality) Intricate plot twists and a gorgeous video sequence! The meeting of three epochs, so to speak. But I'd rather not spoiler.

In general, I am absolutely delighted. I went to the premiere at the cinema and it was magical!

I advise everyone to look ) Thank you very much to the directors and actors who took part in the creation of this wonderful film!",Spider-Man: No Way Home,Neutro,Promotor,0.7480381570170465
10.0,Blockbuster that lives up to the hype,There was so much hype and promise leading up to this movie and I was not disappointed. It exceeded my expectations. Along with blockbuster cameos and appearances was a great spiderman story that made this movie so great.,Spider-Man: No Way Home,Promotor,Promotor,0.8010494501172842
5.0,Nothing special a lot of action but boring and predictable,"Nothing special a lot of action but boring and predictable! May be it is good for kids and not a serious movie even in genre of marvel, it is not a fantasy it is not science fiction it is just over complicated fairytale! Cheap tricks bring all Spider-Man's together! Humor and jokes really poor! Boring to watch!",Spider-Man: No Way Home,Detrator,Detrator,0.7713565114518393
9.0,"Not a masterpiece, but it will go down in history","I didn't expect it to be that good. They did an amazing job and hit right in the nostalgia.

The jokes were good(there 1-2 cringe though), they introduced us the old Spidermans with a really smart way and the villains were also really good. It had the amount of drama and brutality it needed and the music was also amazing.

The only that I was a bit meh with was the ending. I don't understand what happened in the Maguire's and Garfield's world. Did they forget everything that happened and the story changed or something else? And it's also kinda sad that Tom ended up completely alone but with a new trilogy planned we have more to see so I'm not really worried.

It was amazing, beautiful, it was a lifetime experience and I will never forget it. Remember guys, with great power...",Spider-Man: No Way Home,Promotor,Neutro,0.7598145963953639
10.0,AMAZIING FCINK AMAZING,"Just watch it man.

What a movie.

I can't even think what just happened. You need to see this phenomenal film. You not gonna regret it. I went to the cinema with high expectation and marvel improved that, giving me times when I couldn't even breath because of the action on it.",Spider-Man: No Way Home,Promotor,Promotor,0.7562186961057472
10.0,BEST SPIDER-MAN FILM EVER,"Just when you thought Jon Watts couldn't out-do himself, he does it again with No Way Home. Absolutely LOVED every moment in this film. Without giving away spoilers, I can 100% guarantee to everyone that this is the BEST Spider-Man film of all time.

Hats off to the director, cast, crew and everyone else involved!!!!",Spider-Man: No Way Home,Promotor,Promotor,0.8054729446626478
3.0,A total waste of time,"I rarely write reviews, but this time I'll make an exception: this is one of the worst movies I've ever seen.

I wish there was a spell to go back in time and prevent myself to step into the movie theatre. Dull, boring, annoying don't even begin to describe how awful it is. I have no idea why this movies gets praised as much as it does.

I give it three stars instead of one because the animation on the credits it' s pretty cool.",Spider-Man: No Way Home,Detrator,Detrator,0.7321993575108214
6.0,"Missed the mark, should have been better","Left me bored and wishing it was written and directed by someone else.

It had the chance to be great, but was more like a depressing drama with rushed in action scenes.",Spider-Man: No Way Home,Detrator,Detrator,0.72685947194871
10.0,"Yes, it absolutely delivers what you want to see!","Phase 4 hasn't got off to the best of starts. Far from home suffered from post Endgame fatigue and could never reach the hights of its immediate predecessor.

Shang Chi was fun and enjoyable; but they tried to fit 2-3 movies worth of content into a single outing, resulting in ideas that were never explored, too many characters to develop and important pay offs that felt rushed.

The Eternals landed to a lukewarm reception that was still probably warmer than it deserved. Generally, it dragged and failed to entertain in more than brief doses.

The various TV Series have been extremely mixed in both their overall quality and even the quality of individual episodes.

So, the expectations for No Way Home were extremely high...and I was worried that that film hype might be writing cheques that its butt couldn't cash.

However I need not have worried. It not only wrote the cheques but they cleared promptly when cashed.

There are a few plot holes that it's best not to think about and some of the characters seem to be a bit inconsistent with their motivations and behaviour, but aside from that, it knocks this one out of the park.

The script is pretty tight, it's well acted and it delivers the right pacing without any real second act boredom. I'm a heavy smoker and if I make it through a whole film without craving a smoke, its a good film. In this case, not only did the film not give me time to crave one, I genuinely forgot I smoked until I got back to the car afterwards!

This film shows that the MCU can still absolutely get the job done when they are working with the right casting, writers and characters.

Yes, there were genuine emotional moments and I did find a tear in my eye...but not at the part you would imagine once you've watched it. Yes that was sad but it was a supporting characters moment of redemption that did it for me. Managing to do something that turned out extremely badly last time they attempted it.

I'm not crying...you're crying! You will know it when you see it!",Spider-Man: No Way Home,Promotor,Promotor,0.7566627288253248
10.0,Nostalgia,"It's got all that we fans were waiting for amazing story, plot and vfx loved this new take on Spider-Man with an old twist watch now and remember don't spoil it for anyone if you have watched it.",Spider-Man: No Way Home,Promotor,Neutro,0.7043400596865813
8.0,Great Collaboration But rehashing other stories,"Make no mistake I enjoyed the movie from beginning to end, My problem was that it didn't really seem more spider man movie as opposed to just more spider Men ,bringing back villains from all the other movies seems like a great Call back but you ascribe it a lack of imagination and you know trying to point out that this Peter Parker has a better heart than the rest. Which does he really. He was going to kill someone.",Spider-Man: No Way Home,Neutro,Neutro,0.72771264138971
10.0,This will be your new top 10 movie,This movies whole setting and story line is very in base and led with the first two with Tom Holland is amazing. This movie is definitely the best out of the first 2 with Tom Holland.,Spider-Man: No Way Home,Promotor,Promotor,0.7623425153931955
10.0,Nostalgic Masterpiece,"By far the greatest Spider-Man film and by far the greatest marvel film ever made! This really isn't your typical overhyped superhero film.

I enjoyed absolutely every minute of it and was amazed at the writing of the storyline linking both past and present.

I really don't think they could of done it any better and the nostalgic feeling from The Green Goblin & Dr Octo back with the original actors is something I've never felt watching a film before.

Thankyou so much to everyone involved in making this. 10/10.",Spider-Man: No Way Home,Promotor,Promotor,0.766089898217809
9.0,The most amazing Spiderman.,"I'm not going to lie, having heard so many great things about this film made me a little dissapointed during the first hour of this film. Sure, it was enjoyable but I was expecting something spectacular waiting anxiously on the edge of my seat. But, in the end i was so far from dissapointed. This movie truly has everything a good ""superhero"" movie can have. Lots of great friendship and love scenes, fight scenes and those really, really intense scenes. But the thing that makes this movie stand out the most is because spiderman carries the sense of humanity. This movie made me cry, laugh, irritated and even a little bit angry sometimes and that's what makes it so great. The emotions made it the best spiderman movie so far. One moment that really made me cry was when Garfield (spiderman 3) catches MJ, not wanting Holland (spiderman 1) to feel the same sorrow he felt for Gwen. I also feel like you get the most out of this movie if you've watched all of the spiderman movies made, it gets you really sentimental.

If you haven't seen this movie yet then you really have to as soon as you can, one of the best movies i've seen this year.",Spider-Man: No Way Home,Promotor,Promotor,0.7252712313795201
9.0,Un Regalo para los amantes incondicionales de Spiderman,"La pelicula es un espectaculo a nivel visual, narrativo y contiene TODO lo indispensable para los fans de Spiderman sin perder ningun detalle. La interpretación de Dafoe es impecable.",Spider-Man: No Way Home,Promotor,Promotor,0.699417981746572
10.0,My story with Spiderman,"I believe everyone has their own stories and memories about Spiderman. Here's mine. Spiderman (2002) was the first ever superhero film I've ever watched. I've watched the movie countless of time. I've even bought a Spider suit and I was just 5 years old at that time. After almost 20 years and 24 years old now, I've finally seen the best Spiderman movie that ever made.

To some people it might just be an ordinary Marvel's movie but to us, it's more than that.

I watched this movie on the 15th December, the day it released in Malaysia. I've got no expectations although I've seen a lot of rumours everywhere but Marvel dealt with it pretty good. Just hire someone to make a fake clip about the film and the fans is gonna think the rumors is probably fake. Honestly, it's also a pretty good strategy by Marvel as the rumors not only hype up the movie but also make people wanted to watch the film just to confirm whether the rumors is true or not.

Back to the movie, the beginning was fine until 40-50 minutes and I've even forgotten about the rumors while watching the movie until Ned started to make a portal. I didn't expect anything and probably think they're gonna find Tom using that but noooo. It reveals a Spider man with a different suit and then someone in the cinema suddenly started shouting. I was like why?? Is Andrew and Tobey going to appears now? Then the spiderman ran towards the portal and jump in. Still I think it could probably be Tom from other dimension or just some stunt actor. It was until that Spiderman revealed his face. Voilaaaa it's ANDREW GARFIELD!!!! Everyone in the cinema went crazy and just shouting like we've just won World Cup. It was then the tears from my left eyes started falling. It was at that time I saw hope. And then of course there's only Andrew in it and I've seen a rumors saying only Andrew going to be in it so I kept my expectations low. Then Ned started to create another portal. Everyone in the cinema was on their seats. Is it Tobey? Is it Tobey? Then voila!!! TOBEY MAGUIRE!!!!!! The crowd in the cinema just went crazy and it felt like an earthquake!!! At this moment the tears from my right eyes just fell. It sure is a happy tears 😭. I was so happy that all Spiderman is in the movie.

Not only the fans voice was heard but the meme that we've seen all over social medias was in it too. It's like dream comes true for all Spiderman fans out there and it's sooooo freaking satisfying. Seeing 3 Spider-Man swings together was the coolest scene in the entire movie and this movie just changed the way people looked at Andrew Garfield's Spiderman. I'm just glad he managed to save MJ in this universe as he failed to save his Gwen in his universe. I cried on this scene too after looking at Andrew's face who managed to saved MJ. So glad he did it.

Not only that, the reference the movie used is all related to the past Spiderman movies which is not part of Marvel. I know a lot of people hated Sony due to the rights they owned but this time Sony did make a great decision and I bet it will be the best decision Sony ever made because this movie is definitely going down in the history as the best Spiderman movie ever made.

Other than that, there is some lacking in terms of the plot but having Tobey, Andrew and Tom in the same movie is going to make all the fans out there forgets about the flaws. All the fans ever wanted is for their voice to be heard and this is enough because the fans will felt like they are part of it. So yeahhh D *cough* C listen to your fans out there.

Well other than that, watching this film also reminds me of my good childhood memories because 5 years after the first Spider-Man movie was released, my parents broke out and ever since then, I was in depression until now. Watching this movie reminds me how happy and different I was at that time as I was always happy before everything just broke down into pieces. So yeahh, to me this is not just some movie but a key that unlock back my happiest memories.

Thank you Marvel, Sony and the entire production crew for making this movie happened. And this is why, this will be one of the best Marvel's film ever.",Spider-Man: No Way Home,Promotor,Promotor,0.6883843789514028
8.0,Pops wasn't impressed. But I was,"I think this film is for a certain age. One that can enjoy it for nostalgia.

I was sat next to my 12 year old and my dad at 75.

I'm 36.

I felt at times it was slow and predictable.

Then when fighting started I was thrown into action packed fun. Had its moments of sadness and cheeky laughter.

But all in all. I would watch again and would probably like it more.

My 12 year old said she liked it ,but the green goblin was scary at times. I agreed. William played his part perfectly and reminded us that he's a spectacular actor.

My dad I could hear sighing quite a few times. And when the other spidermen turned up he gave a loud ""oh god why"". That made me regret bringing him as he was quite lost as to what was happening.

And at the end of the film was not a happy bunny.

But to be fair I think it might have been paying £30 for 3 small popcorn and some drinks that started him off.

I don't think he liked the playful attitude of Tom Holland and said that Spider-Man was over for him. He liked the Toby Maguire ones and that is that.

So yeah.

Make your own minds up.",Spider-Man: No Way Home,Neutro,Neutro,0.7229526784404752
7.0,Very Fun Movie,"I enjoyed this from start to finish. Definitely can see myself watching it many times over in the future.

I was blown away in the theater. The roaring crowd brought me back to what it felt like watching Endgame opening nights. Definitely a very rare experience that only Marvel has seemed to pull off since 1977's Star Wars. So that in itself is very admirable.

Though I rate this film a 10/10 for the experience I had in the theater, I'm not going to rate the film itself on the adrenaline rush built up by an enthusiastic crowd. I'm taking a big step back and judging the story itself here. I'd give this a 7.5/10 (IMDb doesn't allow decimal increments lol). Far far farrr from bad but also not quite Oscar-worthy.",Spider-Man: No Way Home,Neutro,Promotor,0.8245629028531161
10.0,What. a. film.,"The perfect marvel film. Struggling to put into words exactly how awesome this film was. Matching the MCU spider man with the villains of marvel past us just the most ridiculous idea on paper but this next phase of marvel films just pulls it right out of the bag.

If you are are a marvel fan and are contemplating seeing it, just go see it. Now. Go. You will NOT be disappointed.",Spider-Man: No Way Home,Promotor,Promotor,0.8010170556746999
9.0,Epic,The most epic of all the Spider-Man films! It also contains the most fan service. It is a pure joy to see them pull together so many characters into one huge extravaganza. I put this right up there with Into the Spider-Verse.,Spider-Man: No Way Home,Promotor,Promotor,0.7475817836792049
10.0,"Enthralling, exciting and simply amazing","I came out of this film feeling exhilarated and emotional. I won't spoil anything but suffice to say this is a must see for Spidey, Marvel or Superhero fans.

The acting and action in this film is immense, the plot grand and everything in between was just perfect. Everyone involved in bringing this film to fruition should be immensely proud.",Spider-Man: No Way Home,Promotor,Promotor,0.791402753925947
1.0,You're losing your touch Marvel,"I was sceptical about going to watch this film, because after all the spoilers that came out on social media (courtesy of Tom Holland) I thought that there would be no surprises in the movie. However, being a dedicated Marvel fan I believed they will surpass whatever they have shown in the trailers. I was so wrong.

Let's begin with the appearances of the other 2 Spidermen, Andrew Garfield and Toby Maguire. All of us knew they are in the movie, courtesy of spoilers, but could their appearances not have been atleast at different points in the movie? Instead they appear one after the other, like some TV show hosts. As soon as you see the second gateway being opened by Ned, you know it's gonna be Toby. Since when did Marvel movies become so predictable? Also, they showed all the villains from multiverses in the trailers. ALL OF THEM! Why couldn't you keep atleast one hidden for the movie? A little bit of suspense maybe?

Then comes the fight/action sequences. I daresay that this movie has the worst/least exciting fight sequences in all the 8 Spiderman live action movies ever made. Don't agree with me? Remember the last fight sequence from 'Far From Home', and how Spidey just ravages through Mysterio's drones, or the Electro vs. Spidey in The Amazing spiderman 2 with Garfield. The sequences in this movie are way too weak, when you take into consideration that it has triple the strength.

Some good bits though, like how the have portrayed Aunt May, and her importance in Peter's life. Really loved it. Also, Daredevil's appearance was a shocker, although nothing much came out of it. And I have always loved Benedict Cumberbatch's comic timing as Dr. Strange, or Stephen. But all in all, this was a just a dent in a legacy overhyped by overpaid teenagers on social media, and people going gaga over it without even setting real expectations. Very disappointed!",Spider-Man: No Way Home,Detrator,Detrator,0.7380112035175057
10.0,Epic,"Best Spider-Man to date. Made me feel like a child again. Did not disappoint. Had the right amount of action, humour, sadness and Easter eggs. I was worried it will be another bloated avengers type movie. But I wasn't disappointed.",Spider-Man: No Way Home,Promotor,Promotor,0.7475817836792049
10.0,Best Spider-Man film in a long time!!!,"Finally there is a Spider-Man film in the MCU that lives up to the hype!!! The first two film Homecoming and Far From Home were good but not close to the level of Sam Raimi's first two Spider-Man films. The two Amazing Spider-Man films with Andrew Garfield were ok but just didn't connect with me. The two MCU Spider-Man films with Tom Holland were a step in the right direction but also just weren't that memorable. With Tom Holland as Peter Parker/Spider-Man they went back to a younger, goofier vibe. Both films were very funny but not great superhero films. More comedy than action with some stakes and emotion.

With a sort of messy first act No Way Home finally gave me the Spider-Man film I was waiting for. With what has become a staple of Marvel films it changes from very light and jokey to kind of dark at times. The story is very high concept with what most everybody knows from the trailers are appearances by characters from other Spider-Man films. I was worried that this would be just a gimmick and the characters would be just quick cameos but they are truly part of the story and are all given their moments. Benedict Cumberbatch as Doctor Strange is good and has a good chemistry with Tom Holland. The relationship between Peter Parker and his girlfriend MJ and Ned are central again here. Both Zendaya and Jacob Batalon are really good in their roles. Tom Holland is finally given a chance to BE Spider-Man. In the other two films he's done he was really good as Peter. Funny and awkward. But also unsure as Spider-Man. This time he really grows into the role and it great to see. The action scenes are really good but the most important thing is that I cared about what was happening on the screen. The fact that so many characters were brought back could have been a disaster but because it's more than just fan service and they are given good screen time it works well. The audience I was watching the film in was really into it. Alot if cheering. I missed that in the last almost 2 years. Watching a big blockbuster in a full theater. It was fun.

The last couple of Marvel films haven't been that good. With Spider-Man: No Way Home Marvel gets back on track. In my opinion it is up there with the better MCU entries.

Grade: A-",Spider-Man: No Way Home,Promotor,Promotor,0.8001172820708295
10.0,Ridiculous,"This movie is....epic. This movie was phenomenal. Great acting, awesome villains. And marvel knocks it out of the park as usual. I highly recommend you go see this movie more than once. The post credit scenes are great as well.",Spider-Man: No Way Home,Promotor,Detrator,0.7038107806964169
7.0,Not as good as expected but still very good.,"Tbh i thought electro would be a lot cooler villain. They could've done a lot more with him for the last battle scene (at least they gave him a better haircut). Sandman was kinda boring and didn't do much either. Really the only person that had a good battle scene between Tom Holland was Green Goblin. Other than that the fight scenes were pretty underwhelming to say the least. At least they had Andrew and Tobey in the movie though so that kinda made up for it. I nearly cried when Aunt May died. You could really feel Tom's emotions. After she died, you could tell he wanted to give up and didn't want to try anymore. Pretty good movie other than the fight scenes. And to the people who are giving this a 10/10 and saying it is better than Endgame. You are crazy! Endgame is way better.",Spider-Man: No Way Home,Neutro,Neutro,0.7680663574622408
9.0,Never thought we would ever use plural form of 'Spider-Man',"What a damn kickass movie it has been... I wept at the demise of Iron man in Avengers - Endgame and was very dismayed that there wouldn't be anything great than 'End game' to look forward from Marvel... However this one just restores the faith in Marvel again.... Wow... WOW WOW... What an entertaining flick this is.

Coming to the movie, I warn you guys that for the first time my review has got spoilers as I can't contain my excitement after such surreal experience... Read it on your own risk

As the movie begins, first five minutes into it the background score makes you groove your body to the music & just hypnotizes into the spidey world, felt great....

And then the bridge sequence thrills you and makes you feel good about being crazy of MARVEL movies, it's a great fight sequence.... The Duel between Dr. Strange and Avenger Spider-Man is whole lot of a different ball together that I have no words to express... The mirror dimensional sequence and the math that Spidey brings into it is such a great idea that it's a proof why we really adore & are obsessed about Marvel movies.

And not to miss that the crowd went crazy on Doc Octopus entry, ppl were actually screaming like hell on an entry of a villian (that's how well the people are connected to yester year Spiderman-2 that they remember the antagonist too)...

The scream grew much louder on the entry of Green Goblet (villian from SM-1)at this moment I wished Tobey should show up as Spiderman based on logic that if villian returned due to spell of Dr. Strange how the hero could be left from returning.

And then Andrew Garfield shows up as Spiderman, the crowd echoed in cheerful screaming, and at this moment I was nervous that will Tobey show up or not citing his age, did he agree to work in this one or not and while I was busy in these thoughts - the most humble, loving neighborhood guy shows up on the screen as Peter Parker and that's when the whole hall ROARED in celebration, literally everyone shouted their lungs out in jubilation.... I thought it was only me who was wishing to see Tobey to come on screen but to my surprise everyone who loves spidey was also dying for the same magic even if it were to be just a comeo

And just when all the three Spider-Mans team up... the excitement, fun and adreline rush gets tripled (Never in my wildest thoughts I imagined there would be a time or need to use plural for Spiderman 😝😝)

The moment all the three Spider-Mans fling into sky, the theater reverberated into thunderous euphoric mood 💥💥💥🕺🕺🕺

Even before Iron man came into existence in 2008, I was spidey fan despite of having Superman owing to my fondness for Tobey Maguire and this movie today is very special to reliving my memories as teenager from 2002 who was awestruck by the Spiderman movie back then.

Well to conclude, this one is a hell of a roller coaster ride that one should definitely board to feel some great experience of entertainment, you won't regret this ride for sure .... And to tell you more about it... everyone was so enjoying and celebrating this movie that, a dialouge from first movie in 2002 came up and crowd echoed chanting it ""With great Power, comes Great responsibility"", that's how Marvel had its spell on audience... Just incredible 👌👏👏",Spider-Man: No Way Home,Promotor,Neutro,0.6787439334444868
4.0,Disappointed,"Wow, you guys lied to me. This movie was so disappointing, I was actually at a loss for words when I left the cinema. I am so confused, irritated, & disappointed.

Dialogue was not interesting or funny.

I did not feel emotionally attached to any of the characters, except maybe MJ & Andrew Garfield ( Who is my least favorite Spider-Man )

The ending is absolutely garbage.

I was really looking forward to this movie and I am literally shocked at how bad it was.

""There was no interpretation of what happened to the villains and their respective universes."" (A note from my husband, who is also extremely disappointed with the movie.)",Spider-Man: No Way Home,Detrator,Detrator,0.7640581009085438
8.0,One of the best spiderman movies,"Movie was really good. Finally they give a proper story for Tom's spidy. Story was solid, no big deal. But i personally didn't like the way they introduce Toby and Andrew. CGI was bad sometimes.

And they have used too much jokes, every single situation is filled with jokes. Its bother me to feel the movie sometimes. However movie is enjoyable cause these spider men's chemistry. So I give it 8/10.",Spider-Man: No Way Home,Neutro,Promotor,0.7973279657109196
9.0,one of the greatest superhero films ever made,"This might be better than spider-man 2 and into the spider-verse.

This film delivered almost everything i wanted and even things that i expected going in still managed to surprise me. I was grinning from ear to ear almost the whole movie (aside from the sad scenes, which there's a few).

This was a pure joy to watch on opening night and im sure i will watch it many, many more times.

9/10.",Spider-Man: No Way Home,Promotor,Promotor,0.8022819648869854
8.0,The 3 Amigos ....,"So far the best Holland´s Spider-Man movie because of the much anticipated 3 Amigos reunion plus the 5 villains from the previous movies.

Great CGId action, and plenty of drama with a main character dying.

This is in times a much obscured movie since the last Avengers movie.

3 more of Holland´s on the way.",Spider-Man: No Way Home,Neutro,Promotor,0.6970831572329106
10.0,A Spiderman movie as good as the Original Trilogy,"Wow, What can I say about this movie?, For one thing it's so much better than ""Far From home"" (2019), It's so good in fact, That it even rivals the first two Spider-Man/Tobey Maguire movies as far as story and acting goes and quality as well, Which is really good, And the special effects are top notch!, So down to the story, Following the ending of ""Far from home"" where Mysterio (Jake Gyllenhaal) reveals Peter Parker is Spider-Man!, So everyone now knows Peter Parker's secret Identity, The media follows him relentlessly, The police and other authority figures want to question Peter Parker/Spiderman, His friends and families lives are affected negatively as well, So what must Spider-Man do?, Ask for Doctor Strange's help of course and make everyone forget he is Spider-Man with a Spell, And of course the spell goes horribly wrong and that's when the movie gets really interesting, Such a good movie, I really enjoyed it, Great job Marvel Studios!, You have really out done yourselves!",Spider-Man: No Way Home,Promotor,Promotor,0.7459542479209611
1.0,Inability to be serious,"Spider man is unmasked and revealed to be Peter Parker... and it's a joke? Not everything has to be a punchline, and man does this movie not understand that. Sick of Marvel pandering to the lowest common denominator, make art not money. Do better.",Spider-Man: No Way Home,Detrator,Neutro,0.6696686522902818
6.0,Cool but bit Boring at some Point,"It's a cool movie, but sometimes it gets really boring. More could have been done with it. For example, more combat scenes or more plot twists. But by and large not bad, and the surprises are also cool :)

Looking forward to See what Marvel got us in the future with all this multiverse thing. Excited about Strange 2.",Spider-Man: No Way Home,Detrator,Neutro,0.7784230389221819
10.0,Best spider man movie,I believe this movie deserves 9/10 rating because it's bringing back my childhood and end not one but three separate incomplete stories in one movie with an happy & sad ending after movie ended I'm happy for Tobey & Andrew at the same time I'm sad for Tom.,Spider-Man: No Way Home,Promotor,Promotor,0.6942488678996543
10.0,My First Favourite super hero is back,"My all time favourite super heroes are back and assaulting with their own style and Zendaya you're face has no words to say. Finally Andrew,you got MJ but that scene i really cried you think about Gwen .

Totally amazing fantastic action movie. Im a Marvel fan and No way home made me child again. We are all falls in 2002 Tobby Maguire thanks Mr. Kevin.

My lovable hero ,My favourite and also my friends are amazed with you spidyyy.",Spider-Man: No Way Home,Promotor,Promotor,0.7358787362875038
7.0,"Amazing for the fan service, not so much for the film making","A pretty good ending of the trilogy. Spider-Man: No Way Home is in no way an amazing movie but does have aspects to it. Initially, after watching this film, I think everyone was just amazed by what they had witnessed and were over-joyed by what Marvel had given them. However, this movie is a messy mix of okay storytelling and fan service. Jon Watts definitely improved on his former movies with this film, but it was not a great film as it's made out to be.

This film begins with an entertaining sequence in which Peter and MJ are swinging around New York to get away from the angry population which accuse Peter of killing Mysterio. However, this sequence slowly builds into a boring first 30 minutes of the story with the only thing to keep you entertained being the appearance of Charlie Cox's, Matt Murdock. This is a really cheap way to keep the audience entertained while watching. I'm not going to lie, I loved this movie when it came out for these reasons however now I looks back, fan service doesn't make a movie.

After these first 30 minutes you finally get introduced to the first 'villain' of the film being Dr Octavius. This fight scene in particular is just fine, not a standout though. It was also over fairly quick with nothing really entertaining about it. My favourite fight of the film was at Happy Hogan's apartment. It was very entertaining with great choreography and some really interesting elements. They added emotion in this scene incredibly with Aunt May's death which created a really interesting dynamic for such an innocent Peter Parker to follow.

After this scene we get the fan service we were all waiting for which was Tobey Maguire and Andrew Garfield making an appearance. It was also very entertaining to watch all 3 of the Spider-Men work and fight together but the final fight felt a bit too rushed in how it did things until Peter was fighting the Green Goblin. This very final fist fight between them was very well done, it carried the emotion well and led into a good ending to the film.

Overall, I think Jon Watts created the best film of the trilogy here but there was a lot that could've been improved. Extremely Entertaining to watch but just filled with fan service and no real developed plot.",Spider-Man: No Way Home,Neutro,Neutro,0.7597580830632155
10.0,THE INNER CHILD IN ME EXPLODED,No words can be described of the feeling I got when seeing all my favorite villains together. I have no idea how they pulled it off. Just to say tobey look good in the new Spider-Man makes me very happy.,Spider-Man: No Way Home,Promotor,Promotor,0.7062410354242955
10.0,I'm literally crying,"Oh my god! Is this a movie or what? I'm just crying like my all dreams come true. Not going to say more, doesn't give you spoilers, but if anyone doesn't see the movie in theatre's, trust me they lost many things. Just go and roar in theaters.",Spider-Man: No Way Home,Promotor,Detrator,0.6586638739250746
